,Area,NumBedrooms,NumBathrooms,DistanceToSchool,AgeOfHouse,SellingPrice
0,2453,3,3,1.697027305125346,5,122654091.52031197
1,1635,2,2,3.570965308479325,8,81705505.3508302
2,1563,2,2,2.024518834931917,14,78247210.60451472
3,2531,4,2,0.2434276064951163,12,126650100.58908004
4,1833,3,2,2.231280573231702,5,91745149.88255541
5,1077,4,1,4.55053812343553,7,53877359.48146388
6,2578,5,3,2.1042054068050864,7,128956143.37166683
7,2628,2,2,1.7280196905694605,29,131411501.74576095
8,1505,5,2,4.948672906430633,9,75313058.19633657
9,2935,3,3,3.257636264761365,7,146774796.26089126
10,2501,3,2,1.8933903297087864,17,125121605.54382901
11,1337,3,1,0.5998957036826561,3,66831020.7130416
12,2920,5,1,3.960462280237464,17,146016559.75037006
13,2740,5,1,3.569567174090013,1,137040951.77050573
14,2963,3,2,4.6173874163179685,25,148137362.07225966
15,1776,3,3,1.164650587137241,29,88744901.47931331
16,1555,5,2,0.6631293149423367,5,77854077.83663085
17,2846,3,3,3.647955379404412,1,142332972.68508098
18,2671,2,1,1.0966396257936089,18,133632802.19983725
19,899,3,1,0.9629088051685311,17,44961086.34208995
20,2808,2,3,1.6670559434407535,9,140435596.74086124
21,1555,4,2,4.102443193244344,22,77792063.88137272
22,1597,5,2,2.743729365037191,19,79959953.34060635
23,1459,2,2,0.3246667400011768,25,72955206.28314409
24,1223,5,1,2.3730839058306548,17,61241871.46521233
25,1439,5,2,3.451500095695729,22,72072757.68157241
26,1344,4,3,2.7380053484981772,11,67324826.1137903
27,1514,3,2,2.905006068967124,1,75835796.54420479
28,951,2,2,1.2014089091240567,9,47659625.256505005
29,2007,2,3,4.253922724817206,28,100456474.50107057
30,2876,2,3,2.8508537161965086,6,143939962.0473898
31,1602,4,1,3.5949054638993156,7,80145428.949162
32,2976,3,1,4.911134663365182,27,148776983.13170454
33,2976,5,2,2.198173422605208,11,148754896.9511248
34,2756,5,2,4.417226402114892,28,137773777.21201333
35,2725,2,1,0.13567696831151257,27,136239907.4752005
36,1556,5,2,0.2636957338140885,14,77855594.76696889
37,1073,4,2,2.9923716164712033,26,53681398.418747544
38,1188,2,3,1.6261020381567832,21,59400831.465296775
39,2441,2,2,1.3165551783965315,21,122002628.34353594
40,2266,2,3,1.4618832503238972,14,113352179.42542505
41,1688,2,1,1.6601743795918793,3,84419228.23166144
42,1057,4,2,3.6718437111027726,5,52866263.07936699
43,2145,5,3,2.8890602639316287,17,107291447.09059782
44,2905,3,3,3.9662762655407344,15,145258160.78907865
45,1230,3,3,4.167963241191754,25,61524333.996843226
46,891,2,3,4.230380810576282,2,44564032.954597354
47,2720,4,2,2.131756330956949,8,136124334.98492107
48,2389,3,1,2.164239641950413,12,119489228.63839251
49,884,3,3,4.638702812688861,14,44204190.59003523
50,1124,5,1,3.3426416135616117,5,56234264.40285882
51,1574,2,3,0.49428920149778,2,78716514.27367495
52,1871,5,3,2.756716075053095,13,93683824.83438347
53,1439,5,3,1.8444355722110444,17,72102987.15836799
54,2836,2,1,4.938431449610179,26,141851907.9418896
55,1955,4,1,0.1669114916652336,6,97745930.81097955
56,1772,5,1,3.0996862780457346,2,88647938.21762347
57,2004,3,2,3.645753162554405,28,100203692.70041159
58,2824,2,1,1.5156431796510408,9,141251522.43939745
59,1967,4,2,4.8708434394570075,2,98353250.29263853
60,2484,4,2,4.311729472406386,23,124201646.76793791
61,1173,4,1,4.586698920830481,1,58665405.65397825
62,2677,3,3,0.19423709082258755,1,133945693.23800251
63,1360,5,3,2.892373541442564,3,68127244.56769969
64,2129,5,2,1.543786185577279,11,106504844.68443528
65,2405,3,3,4.260240311184749,28,120323897.05222039
66,2499,3,3,3.200963318883316,17,125048099.00124544
67,2272,4,2,2.740497321173438,24,113631636.75155054
68,1056,4,1,0.6614820314104679,3,52791409.68319967
69,2705,5,2,2.747091743452335,8,135259705.02451104
70,2116,2,1,3.196330317146491,6,105847604.69717185
71,2754,5,1,4.783970315620002,14,137708268.92660618
72,1616,5,2,2.966749951076961,21,80768534.7841105
73,2434,5,3,4.840262948553707,1,121815446.30366638
74,1773,5,1,4.811869966472644,8,88694418.37619495
75,1168,2,2,3.285981645584628,26,58347271.737714946
76,2823,3,2,2.578949122178635,25,141241076.25344923
77,1001,5,2,2.383506544747642,2,50167914.26663415
78,2336,3,1,4.462854949467335,4,116830622.98781717
79,2730,2,3,0.23845774656160815,3,136512091.7428805
80,1355,3,3,0.6576601703155006,29,67737595.17250416
81,1754,2,2,0.6001514726838441,3,87738645.81829451
82,2871,2,1,3.8089830930931687,22,143463259.315057
83,2523,5,3,1.7642900168774205,24,126247432.56357484
84,930,2,2,3.226045869229435,18,46455328.604984835
85,2946,4,3,3.058536228828572,6,147386952.9553186
86,1731,3,3,1.9905570517384052,4,86611640.64210497
87,2971,5,1,2.7046818389877534,26,148616065.8542099
88,2787,4,2,3.2611788145011347,22,139344796.72616443
89,2766,3,3,4.710656616402877,28,138352133.18939424
90,1009,4,3,2.9206069570188093,7,50458654.95557318
91,2235,5,1,3.1104008076647403,20,111824225.47355016
92,886,3,1,0.43249350674849985,23,44319089.44415238
93,1672,3,3,4.765857492324549,24,83666963.24598666
94,2859,2,1,2.687601446755993,22,142888535.72542483
95,1107,4,1,4.0262397573136175,13,55401823.01499702
96,1904,4,2,0.3464262094222065,23,95270578.03876807
97,2880,3,2,2.1624596651117463,29,144048372.5963101
98,2006,4,3,1.359179749848238,11,100397835.79940145
99,1952,3,3,1.408181903574091,15,97658285.89634262
100,1075,3,3,3.978123276808555,13,53869174.344631754
101,1998,2,1,3.156946953817383,26,99890420.36594263
102,2378,3,2,2.2547520280299556,10,118911767.7798403
103,2195,4,3,0.15187012397332775,6,109840304.33971168
104,2008,5,2,4.828146920433096,8,100410333.3681256
105,2104,2,1,4.8139139414430465,22,105170730.60912624
106,1437,5,2,1.1660058303721885,20,71905307.64003867
107,1570,3,1,0.3025972243511278,11,78518509.30784595
108,894,2,3,2.697976878758321,27,44749479.969246484
109,2699,2,1,4.761912991620397,27,135036478.50460723
110,2704,3,1,4.560939644248181,20,135235742.79377106
111,2152,4,1,2.964848033058044,15,107683790.7921991
112,1407,3,1,1.5873893682031655,21,70345877.58129057
113,2234,3,3,1.7168083304690605,17,111735065.14392239
114,2072,3,2,4.499776402281535,2,103626592.21564394
115,980,3,3,2.5097417746143273,20,49100095.74599037
116,1549,3,3,0.7424695219390134,15,77413881.72847876
117,2987,4,1,1.317284832270676,10,149341755.3370741
118,1820,2,3,1.4562950171907456,13,91064835.31725575
119,2445,4,1,0.7053787561663558,29,122266268.48786603
120,1643,3,2,2.368917469454328,4,82302541.89675988
121,2352,2,1,4.588649450547456,4,117635440.9135344
122,1725,2,2,3.377034460662079,9,86251005.25552016
123,2997,2,3,0.455122228819395,27,149821844.03542894
124,1934,5,1,0.12692460726489735,25,96727337.37521678
125,825,4,2,1.4536135705993465,20,41237570.92801309
126,2288,4,3,1.877195380490308,9,114504951.55561846
127,1756,4,2,3.906073378329202,14,87854524.94922043
128,2713,3,1,4.838327067258796,14,135677809.96126837
129,1941,4,2,1.999079149775364,26,97197963.43749087
130,2269,5,2,3.4647811461026197,13,113464302.79519847
131,2419,5,2,4.97501934602952,21,120984504.69288006
132,2696,4,3,3.753766260987571,15,134805605.38147062
133,1728,5,2,3.217328790520638,17,86452883.43023989
134,2331,4,2,0.48256678547369103,14,116693250.84687014
135,2969,5,2,1.6837544858541784,27,148533017.34752676
136,2150,2,2,4.575621576440069,7,107524397.53983834
137,1269,2,1,1.0849268602364381,12,63485156.87813981
138,1325,3,1,4.23359276043872,29,66189289.254300624
139,2663,2,3,3.511986056894477,9,133183753.3841308
140,2520,3,2,1.894989417070698,7,126057787.68164317
141,1976,2,3,2.6929539215920175,20,98851506.32972747
142,1391,5,2,2.7597516968887867,15,69534670.42929563
143,2889,3,1,3.598863546862043,15,144483386.84122744
144,1007,5,2,2.631124111386061,29,50411804.20406878
145,966,5,3,0.7520723519024147,9,48378387.077926844
146,2959,3,2,3.889927890457372,12,147988759.11050186
147,1953,2,1,2.090735234839982,3,97602371.74615741
148,2710,2,3,4.819160062038444,25,135456914.4189236
149,1016,5,2,1.4892175332358686,16,50873288.27545074
150,824,4,1,1.3890860234532647,25,41194668.41033693
151,867,4,2,1.734186238808395,25,43395751.29279474
152,1807,3,1,2.904353378197265,29,90398452.7667249
153,2540,5,3,4.484861726984813,3,127075879.19484982
154,2822,3,3,0.9637800366860725,6,141038647.6970751
155,1091,3,2,1.4704261082361791,11,54594115.18755777
156,2550,2,1,2.950231231424523,7,127494196.64274317
157,1822,2,3,2.3262377865914243,6,91150634.0933509
158,2880,5,2,2.2918821475530544,25,144098527.12989083
159,2440,4,2,4.121597884272392,6,121974465.50128157
160,1962,2,2,4.62700368230567,15,98134062.81278387
161,2518,3,1,2.4584041337424214,25,125991223.17492685
162,2245,4,2,3.4680237976916417,3,112278362.72526312
163,1423,2,1,4.02518768403423,12,71181490.4558891
164,1570,3,2,2.6399954108971033,17,78588115.31189404
165,2363,2,1,1.5421504038733034,19,118173800.81993574
166,2041,2,2,3.2266145288391908,13,102046612.07833923
167,1621,2,2,2.9670345914996905,27,81032688.77650711
168,1107,3,1,4.517657816724091,28,55386601.71860468
169,1998,3,3,0.35679448017229454,1,100016823.48213823
170,1972,2,3,4.559643796953987,3,98614878.36026166
171,2365,3,3,2.7187169380102625,26,118241582.7575919
172,1607,2,1,0.17681296864457824,1,80324075.59944932
173,2921,5,3,1.7890406759621618,25,146209137.38967943
174,1097,4,2,3.6492344629890674,26,54882356.57166553
175,1530,3,1,2.4933221308855815,17,76638544.81862824
176,2770,2,3,4.902779283460863,5,138578263.38373622
177,2595,2,2,2.170789361772138,5,129816122.16933283
178,2623,5,2,1.7005126251674383,4,131242811.06128943
179,1229,2,1,4.126192478704883,6,61513326.53011635
180,999,4,3,2.784742826854354,28,49959773.12661353
181,2247,3,2,3.443400237406539,19,112491783.6542315
182,1885,5,3,4.04794145638952,11,94323745.20758747
183,1665,2,2,3.3899949760155397,21,83236880.02051027
184,2754,2,2,2.1697967243664564,17,137747279.0664926
185,1912,2,1,0.7115025946820733,14,95677059.43082812
186,2881,5,3,2.943216016199373,16,144078906.17612988
187,1567,3,2,4.497423300973372,6,78419856.3521172
188,2884,4,3,2.1525728899402337,10,144243414.92767096
189,2592,4,3,4.562553650729918,22,129629873.55508763
190,2283,2,3,2.56728631693377,29,114163689.44747758
191,997,2,1,3.1421236559681356,28,49884466.455044456
192,1694,3,2,4.18164353267265,24,84669638.14574692
193,2773,2,3,2.8665258372395357,28,138697298.17631555
194,2078,4,1,0.5457497625482612,28,103912100.35798314
195,2270,3,3,4.9067990639219365,14,113509105.49578246
196,936,5,1,1.3046615793728853,24,46778800.51196541
197,2977,5,3,3.5814761102879733,2,148879948.20322278
198,2192,3,3,2.57505584922692,12,109583434.91987123
199,2200,2,3,2.4459859204067698,28,110084578.43008544
200,968,4,1,1.2953100124477683,3,48438440.7918062
201,2708,3,1,3.6385387519305104,25,135414739.90274367
202,976,3,2,0.6526624976718376,14,48911646.155735716
203,2361,2,2,4.953221215871277,8,118016228.03607407
204,1123,4,1,4.242330331825299,25,56116711.06457509
205,1308,4,2,2.7190938060283814,2,65477140.30780455
206,2622,5,1,2.180309484684247,4,131063894.47497256
207,1853,5,1,1.5036766990533517,19,92664546.19085489
208,2577,3,1,2.557798207609761,15,128825966.35530692
209,946,4,2,4.409145563918424,9,47365430.39428888
210,2097,2,3,1.4475313634333498,24,104877471.54986463
211,1021,2,2,2.5526335481353666,2,51195644.29622817
212,1309,3,3,1.2492945201284513,11,65569648.09600283
213,2917,3,2,1.7520306569582624,28,145840577.92250144
214,2181,4,3,1.0322764937243292,16,109109472.94565853
215,1708,2,3,4.95364205021382,16,85421852.56410317
216,1356,5,1,2.900337487666033,10,68010827.0300172
217,1685,5,2,3.690794107779808,14,84232036.04726219
218,2146,5,3,0.5814245759149799,7,107410269.86214066
219,2939,4,2,1.8939759953641475,27,146889308.51325512
220,1223,4,1,4.473935034931875,1,61186283.45276504
221,1767,3,1,0.5137477994773447,29,88463925.78909807
222,1074,2,3,0.9108678188641045,25,53730022.889321975
223,1660,5,1,3.1645462907207267,21,83088404.98962
224,2891,2,2,3.1516660711107036,7,144583935.90834677
225,1907,4,1,4.2073125178242545,15,95352838.5015696
226,1233,2,1,4.683914542969965,7,61646997.60933783
227,1609,5,1,0.7957337295837925,2,80484676.19909309
228,2941,2,1,1.3709317107822976,27,147024842.42785162
229,1998,5,2,2.194560887896954,27,99885517.4749443
230,2229,4,2,0.1044260990541232,15,111589817.9059522
231,1001,3,3,0.4420900845025052,27,50091135.72978782
232,2811,5,1,1.2098072619110063,20,140608639.67922875
233,1129,3,3,2.4573996236774778,1,56482886.409309626
234,1009,5,3,1.332461417026203,29,50580187.220885634
235,2778,3,2,4.395741271892935,28,138906343.50474513
236,1840,4,1,1.6889370901558547,15,92032003.68115634
237,2954,2,1,4.63065177949888,8,147617397.90933773
238,964,5,2,4.876457577600079,18,48267416.52266898
239,1406,5,2,2.3043215161471364,8,70461053.67766027
240,2015,5,2,1.2129312028066859,2,100788481.46468596
241,2019,4,1,1.5291640537727162,6,100973442.722046
242,2131,5,3,3.9040350401312867,6,106577563.62688859
243,936,4,3,1.4394135681836964,28,46871261.0408711
244,1752,3,1,1.9648560528093948,7,87636376.9296313
245,1659,2,3,2.4450217065610644,14,83039028.94654192
246,2715,3,1,2.9180444707029225,24,135788983.45498654
247,1911,2,1,4.980892157476067,13,95511469.73690334
248,960,2,2,1.2378278003016026,10,48055058.26345171
249,2995,3,1,1.8317761459160276,14,149760426.0639343
250,1384,5,2,1.3881667673515041,24,69204507.5172944
251,1911,5,2,1.8694558395541807,25,95599309.92715411
252,2417,3,3,0.5939421327836407,10,121117113.30008444
253,1944,4,2,1.8630678594811314,5,97381443.1924029
254,2708,2,3,4.450538654175503,6,135458738.63661748
255,1532,2,1,1.5630902544476004,25,76694127.40912831
256,1732,2,3,1.9224804212604376,12,86656118.42968638
257,1081,2,3,4.72792340574588,23,54080703.4659992
258,1600,2,3,3.6690570820016544,29,79935176.12520851
259,1270,5,1,2.6320197026084373,25,63483834.62318974
260,2108,4,1,3.908244369176859,6,105395283.8149548
261,2358,2,2,0.7035802793870694,9,117952858.05018634
262,2051,4,1,2.3760027307821274,9,102589819.21308906
263,1395,3,2,0.6793570308057449,21,69766656.09727637
264,1447,4,1,1.2447289105959423,22,72352335.69547033
265,1373,5,3,0.7951495727272672,3,68744716.59535597
266,2341,4,2,1.8728260719287828,15,117036565.28710623
267,1056,4,1,1.970032669940037,2,52817517.90863187
268,1963,3,1,4.7418120509828805,27,98130226.44625467
269,1828,2,1,1.3942160828188934,14,91356581.47293225
270,1148,4,3,2.414901342050933,2,57469413.59862652
271,2106,5,2,4.075759079421085,8,105319880.84642617
272,1386,3,2,4.096526173539643,13,69398286.48873277
273,2644,4,2,3.7766816164715995,10,132238926.40206069
274,1806,4,1,1.5103854344863576,15,90327970.78941473
275,1539,3,2,2.52536093511565,13,77015774.6006755
276,1673,5,2,1.012436816414944,24,83738786.23175995
277,1586,5,1,1.023157661635741,17,79261072.12147681
278,2114,5,1,2.2356219443777237,23,105716982.68482274
279,1237,4,1,3.7191018840904118,4,61841952.87426694
280,2647,4,1,2.6802628739894057,3,132386340.1734204
281,2332,5,3,4.4447477821525165,27,116633959.63502929
282,1820,2,3,4.1714531091101215,29,91037996.20759735
283,1741,5,2,0.2548666698199873,2,87087702.7043728
284,1249,3,3,2.8852533100444586,18,62479185.37137377
285,2314,4,1,3.0848901953426515,12,115703017.56557716
286,1616,3,3,4.811718207070399,17,80903070.97748819
287,2907,3,1,0.2138594708734225,24,145393330.88560966
288,2490,2,3,2.7024084777462822,10,124574932.39299054
289,2460,2,1,1.1034286734856769,24,122996166.94259207
290,963,5,2,0.36294824082878663,26,48192949.36619118
291,1745,2,2,2.9786937711854446,17,87306156.67556895
292,1930,4,3,3.8857603038007325,4,96615442.89517069
293,1001,4,1,3.8968407012034207,10,50081273.135775425
294,2605,4,2,0.2484132097639432,23,130362840.331225
295,2662,4,1,2.094037361330788,16,133197237.56456912
296,1350,4,3,0.3180971730282405,21,67494174.6121654
297,2472,5,1,1.314409370254772,25,123659946.89738788
298,2840,4,1,1.045115443513947,2,142050644.32635787
299,1703,5,3,1.1543946382865706,28,85245642.46750697
300,2544,3,2,1.7616802287691902,27,127289990.42525749
301,1304,3,3,1.4593484049963916,21,65215676.34982045
302,2809,2,1,4.815171565505231,22,140362910.43705136
303,2600,4,3,1.8267948880459726,5,130141175.59920232
304,2279,3,3,4.481445324935563,13,113954668.5411288
305,2297,5,1,0.9871041904525331,13,114867753.50335167
306,2396,5,3,3.8423596492222503,27,119874019.24642487
307,1200,5,2,0.40059312652074963,3,60050691.94330933
308,1080,2,2,2.3675300243997723,27,53941551.818462215
309,1828,5,3,0.12700115715407712,27,91484074.48258503
310,1804,2,1,4.070424739040237,23,90157573.64335671
311,2366,5,3,4.757381576585141,15,118401106.08601059
312,953,2,3,0.2720261170530137,20,47683336.0416108
313,1207,2,2,4.675847171219241,26,60326198.457207866
314,1853,3,2,3.89188406830763,19,92671040.55270295
315,2195,3,1,1.8584217360846973,3,109840315.56516151
316,1654,5,1,4.5534951009917455,4,82788627.72857691
317,807,3,1,1.5516606291294148,1,40336580.387731366
318,2985,2,3,2.1055470299503343,28,149431457.6473046
319,1651,2,3,0.5738851847409061,17,82593841.75784704
320,2200,4,3,3.319000913310706,15,110010784.20898548
321,1732,4,3,0.24504406083713223,23,86720186.37919825
322,926,2,1,2.476035848475283,21,46288536.1978899
323,2634,3,1,3.447640066237416,4,131836447.7750608
324,1377,2,1,4.1240642446506435,29,68882750.09655082
325,2356,5,3,0.8347128091461445,1,117894890.44363883
326,1604,4,3,3.7950427946187157,12,80347790.12991352
327,2148,4,1,3.623477415419645,17,107467338.37349643
328,912,3,2,2.841895617186943,25,45569345.76206732
329,2767,2,1,2.9647585291605343,29,138390595.9128328
330,1450,4,3,0.5472265321982128,9,72562439.4952416
331,1037,3,3,3.0423081118778637,10,51910622.14517828
332,2184,4,1,1.9694588146470784,3,109253705.42838763
333,1790,3,2,4.3511461715740705,15,89489289.46852882
334,2683,4,2,1.6341845205063523,28,134127161.96345294
335,2379,5,3,2.925315879081271,21,119042762.6211506
336,863,4,3,2.190199858535853,11,43158637.32577383
337,2089,2,3,4.393683497426534,5,104374271.45117441
338,1403,3,1,1.3441916682470263,10,70141473.76144019
339,2243,3,3,0.48613156551635606,14,112240123.96324684
340,2668,4,3,3.768413032817384,27,133440663.8781574
341,2098,2,3,2.1231934228507754,12,105020740.57991675
342,2049,4,2,2.9865819597188286,9,102515254.76497298
343,2763,4,2,0.2293077253954205,6,138184537.97877568
344,2467,4,3,4.7653379778472695,9,123395194.13258679
345,1607,5,2,4.400330049186385,3,80343171.2817906
346,1848,3,2,3.15695271282866,13,92495505.09767115
347,1498,2,2,0.18344622635182842,23,74867027.7645641
348,1092,5,2,1.9520847225160955,7,54627219.19478146
349,1637,5,1,4.896103034936529,28,81859505.17380388
350,2982,4,2,3.43851875782715,17,149145925.06943542
351,803,4,2,0.8888405204357538,27,40123423.27922233
352,2050,4,2,2.356924068407053,27,102495938.58989699
353,1480,3,2,4.837014944833081,18,74041066.9553878
354,2241,4,1,2.7200700546413077,22,112130885.81767665
355,826,5,1,0.22061118734614032,20,41366347.12216778
356,1536,3,3,3.1368832129522914,4,76869025.0958557
357,1165,5,2,1.4289610015626832,5,58249734.75829868
358,2771,3,2,0.5843451641968315,29,138557211.1568514
359,2261,3,3,2.074251379186276,11,113144703.45516962
360,997,3,1,2.8367631774179998,18,49921863.51760565
361,1729,5,3,0.18349951843423332,19,86584551.29781559
362,2471,3,1,2.839329362316143,5,123587706.93541071
363,1406,5,3,2.6048954195142238,25,70432205.54623489
364,2920,2,3,3.990151077183925,16,146188122.2802723
365,1046,5,2,2.175394102395446,18,52331429.93371888
366,1959,5,3,2.811907105382443,14,97993784.67470583
367,2531,3,1,3.735845589879919,20,126637244.9183396
368,2950,3,1,4.496014771731533,17,147522293.15241063
369,1395,4,3,1.962169422516069,24,69821804.53730878
370,2047,2,1,3.0480041293374183,9,102385378.69573626
371,1931,2,3,3.503593426740271,14,96565757.70760705
372,2793,4,2,0.3120263145667613,12,139664700.10418963
373,2803,5,2,4.02372649158206,3,140178023.99206468
374,2821,5,2,1.94940790755543,18,141174550.27330378
375,2216,3,2,3.3841708130736885,7,110774247.1127004
376,2507,2,3,2.4111539244042506,25,125417876.9626604
377,2382,3,1,3.5414617991893658,3,119101408.31800278
378,800,4,3,3.6492217982553172,12,40052085.54657295
379,1491,2,1,1.03869796608369,27,74594954.059
380,2374,3,3,3.3446537480036076,15,118800476.17692788
381,1913,2,1,4.271484845622227,9,95676791.40266523
382,1143,2,1,1.2542792824743767,18,57072072.620469324
383,1082,3,3,3.815099002480002,8,54241472.740421385
384,2880,3,2,3.205743054460596,10,144109481.11058766
385,2689,2,3,4.780117568915562,12,134498671.25381497
386,1228,4,2,1.3752082287296281,27,61446636.849704325
387,1627,5,3,0.8559611105242174,21,81524792.6548784
388,2649,2,1,1.6293929748803297,26,132503214.24869028
389,2569,4,2,1.3639980131698017,5,128516715.2897554
390,893,2,1,3.8084805263202135,11,44645340.66357584
391,2225,3,1,3.692235588849312,3,111268861.9665052
392,1204,4,1,3.3814560141911363,21,60280954.322648905
393,1741,4,3,1.1602576608465902,8,87188198.3009311
394,2009,2,1,4.32285335645154,20,100367714.58264281
395,1775,5,3,4.787200623708745,21,88838296.11682476
396,1175,2,2,2.7048685087323583,8,58831681.72402522
397,1297,5,1,3.281926380083991,1,64827267.20980099
398,2238,4,2,2.5533912852007545,5,111962084.80600208
399,2189,5,2,1.4894328040027591,21,109422700.65566115
400,2679,3,3,1.502123259583361,28,134010964.02549915
401,1538,5,2,1.6357605614010746,25,76852659.47209735
402,1219,5,3,1.0351650204043545,11,61009736.89871258
403,2775,4,3,4.519425799883656,24,138772849.57527584
404,2362,5,2,4.3061508568287605,9,118124026.75470872
405,2198,4,2,2.3620328704623006,13,110027766.23649642
406,1846,3,2,1.8995319215448354,22,92365277.86887923
407,1260,3,3,4.701483947080783,27,63019514.13724843
408,2638,2,3,1.1896299992407697,7,131920397.95795909
409,2268,2,2,2.812355601387328,28,113405999.4061508
410,2842,2,3,0.367040962156597,3,142123709.14677426
411,2952,3,2,1.0368907653855002,12,147701469.54638055
412,1440,5,3,3.059731973461598,13,72181539.64021009
413,2733,4,3,3.344699898936432,16,136769936.49540943
414,1127,3,1,2.946879511498875,9,56392850.11971976
415,1406,5,1,4.36104693839652,9,70330913.32614337
416,2342,2,2,4.96768558203146,25,117089906.25761676
417,2238,4,1,3.8429230265492653,14,112014049.61350162
418,2351,2,3,2.378949742304419,1,117588308.4709124
419,2133,4,2,4.186279880325103,1,106786123.52844317
420,1394,5,1,0.689898231413408,16,69693973.54674192
421,2505,3,2,3.448026412585056,18,125269948.28521717
422,1134,2,2,2.6398551585218266,13,56648097.89457136
423,1541,3,3,0.9725228426530201,17,77126099.09584816
424,2043,5,1,4.8673747246730485,22,102110476.74528281
425,900,5,3,1.758343356915863,25,45159460.75355494
426,2002,5,2,3.115574689220579,12,100183035.74013695
427,974,3,2,4.405111763872265,16,48758844.27852448
428,1405,3,2,2.582775335182621,29,70292220.04578231
429,1580,4,1,0.6641754658645161,20,78982052.08195113
430,2569,3,3,4.11182151330172,1,128524646.80682018
431,1648,3,3,1.8307474585881225,15,82557700.29710044
432,1890,5,1,4.91702765757001,29,94516842.60801245
433,2280,4,3,4.4307446875783345,5,114021995.46648087
434,1811,3,3,4.2819017334098906,29,90496973.3584982
435,2973,3,2,1.8456405699357075,19,148656105.4476307
436,1962,5,2,3.809935911264422,18,98064838.87556663
437,1424,3,2,4.933012408707786,26,71260860.8064086
438,1979,5,1,2.6789758985615237,9,99036663.48381631
439,1496,4,2,2.406587559280635,26,74798182.97084257
440,1121,5,3,0.17186252276314698,5,56184839.75280966
441,2851,5,1,3.5309984668011882,11,142562522.27501816
442,2547,4,3,4.306540086149085,2,127424186.5854305
443,1702,2,1,1.312540211800967,23,85129035.07651925
444,1427,5,3,1.6436204278618185,2,71427583.89740871
445,1702,3,1,2.553317404498167,15,85143143.58041015
446,1634,5,3,0.45319277107143263,19,81704447.63362126
447,1404,4,2,0.5392481328838112,4,70279177.50873497
448,1669,3,1,2.1634427185515963,17,83470435.18528786
449,1933,4,3,1.3799728682467662,21,96619780.47884637
450,2153,5,3,2.0895827824105657,6,107653067.57645136
451,900,4,3,2.3264928606896964,27,44968391.3554152
452,1494,4,3,4.883739644021679,4,74792296.6434761
453,1645,2,2,4.726873118503903,16,82276563.61575106
454,2741,5,2,0.7846777425448539,14,137135774.49014598
455,2331,5,1,4.424671271288007,9,116522557.71901815
456,1471,5,1,0.493012645417385,8,73666483.62730622
457,1037,5,3,2.587413801616995,12,51984204.99198279
458,2105,3,1,0.9031585105378503,9,105248136.05569614
459,821,4,3,1.892871512248977,26,41173338.656261444
460,2053,5,1,3.7423671056784573,27,102661742.04463255
461,2806,3,1,2.180076848848565,9,140241289.36455527
462,1200,5,3,4.054061309099535,27,59981094.95514696
463,1977,4,2,3.6221969840839554,19,98929575.18947232
464,1806,5,3,4.71991328643398,6,90375197.9930344
465,2501,3,2,2.717364500870799,20,125130474.42481834
466,2209,3,1,4.030524974540197,24,110451428.71889068
467,2213,4,2,1.6822448210515544,29,110705972.32056278
468,2534,5,3,1.7941546409403368,7,126900205.5479443
469,1386,3,1,2.062501271549377,20,69389529.94802383
470,1750,2,2,2.1134870980606366,6,87521791.20107917
471,1630,5,2,0.6059407812632752,12,81593718.73232885
472,2408,2,3,2.643584802726132,16,120475504.34813946
473,1499,3,1,0.5743357744182254,13,75022197.87950271
474,1994,3,1,4.459834465516844,22,99709251.26793182
475,1251,4,2,0.4030394377941363,5,62598308.210286275
476,2986,4,2,2.3035027085156132,4,149364301.34559557
477,1554,5,2,1.4950009253131096,19,77739510.6398995
478,2137,3,1,0.8588601367069476,18,106961874.06337847
479,2169,3,2,3.9407997851268406,13,108549332.31301613
480,1187,3,2,3.603168754705676,26,59365803.405282505
481,1949,3,1,0.8151446618894143,23,97494338.88972525
482,2021,2,1,3.2005516414209203,27,101038724.27858111
483,2522,3,3,3.983520319919186,13,126216744.45519882
484,2724,4,1,3.889327879812446,1,136291997.38642186
485,1509,5,1,0.5521700285504718,1,75544669.6914928
486,1247,5,3,3.459012323324304,7,62479268.151864104
487,1150,5,1,3.6085172123295277,4,57580985.95434043
488,1464,2,3,4.324614708505933,10,73307080.01914787
489,1125,3,1,2.589417260438435,9,56304609.48236427
490,1224,5,3,2.3593606014864514,20,61285798.22344829
491,964,4,2,4.829069992105402,28,48198993.36885951
492,2001,2,2,4.0029100531198925,4,100007397.91285975
493,1473,3,2,2.8377818549517966,11,73693418.67169991
494,2738,3,3,1.7200236494252696,24,136920347.10508266
495,1262,3,2,4.2416661804172024,26,63125792.12244577
496,1553,3,1,2.331638308375583,21,77724366.22966747
497,2773,2,3,0.5541574415749871,28,138707870.44656414
498,1547,4,1,2.3290309362958554,13,77364604.76176305
499,846,3,1,4.372645141135717,9,42276480.34305124
500,1137,2,1,2.296582519782783,7,56800010.32702989
501,1981,2,3,0.1703108239277156,23,99172788.71264824
502,2638,4,1,3.096278087190701,8,131847684.05861759
503,1088,2,2,4.979567016715854,19,54369363.013604864
504,915,2,3,4.104518061798508,22,45671817.313006155
505,2423,5,2,3.124465938428925,16,121192570.59152037
506,1209,5,3,4.580554545309636,5,60514982.99928542
507,1422,4,1,4.086550240090204,12,71107352.52776808
508,2400,5,2,2.5433328284261987,27,120047126.84085906
509,946,2,3,2.9969793984961712,12,47311951.84928663
510,2599,2,1,3.6833347650947976,27,129898900.54415008
511,1872,4,1,4.247488203496437,13,93716653.87964557
512,916,2,3,0.3850643716458859,29,45832371.5307236
513,2317,4,3,3.8965389000896407,1,115974900.23674689
514,2384,5,3,2.29276685589319,6,119250697.61358789
515,2957,5,3,3.33791294547755,26,147997946.8650102
516,2802,3,2,3.8467017536983654,7,140219475.5977819
517,2109,5,3,2.743559432634497,14,105543833.13694769
518,1315,3,1,0.8767227678439554,23,65717639.80651231
519,874,3,2,2.106681474439504,28,43735816.661914185
520,2711,3,1,0.4766776693866609,28,135571981.8366551
521,1866,2,1,3.477573386660793,25,93309593.32877117
522,2322,3,3,4.773160291619109,27,116090223.16773193
523,828,5,2,3.9967387798985166,6,41387866.29929154
524,2234,4,3,2.009953471656882,19,111779068.38451082
525,2786,5,1,2.9630283304269227,13,139341670.29253116
526,2438,4,3,1.590583311649659,15,121977150.83453771
527,1577,5,3,2.751123437819329,29,78968584.41175346
528,2569,4,3,1.5735618383447374,4,128464374.16665672
529,1657,5,3,3.7177913083131893,24,82967945.72925782
530,2204,4,3,1.370773389136425,10,110245984.75605345
531,1685,3,3,4.823699913126083,20,84276120.39714186
532,1412,4,2,3.3435487876503043,6,70615993.28789918
533,890,3,3,0.4370114536508345,27,44565295.935623705
534,1892,5,2,0.15281104117789646,2,94591945.0510541
535,1417,4,3,4.985527086604992,2,70894668.07855262
536,2346,4,2,1.1804773332573886,1,117347309.78606945
537,812,5,1,1.6315574674401703,21,40704038.72278096
538,2440,3,2,1.121228669590331,26,122045928.7638414
539,967,3,2,4.647698685108793,16,48415537.42214928
540,1728,2,1,3.2948630123762093,28,86395822.62565744
541,2202,2,3,2.571492985424943,11,110103697.51649974
542,1722,2,3,2.8324889910135953,13,86198197.79845409
543,899,4,2,1.657576951766018,14,44965440.04813779
544,2612,4,3,3.109457511582823,28,130630140.54540345
545,1534,4,3,2.1560417809291668,27,76771324.78003584
546,2408,5,1,1.076217917478478,4,120507895.84988497
547,2098,2,3,3.3173649885784195,20,104933343.94789298
548,2233,5,3,1.9318187893701393,21,111804867.14265232
549,1720,2,2,3.9468252576740923,11,86000691.95295903
550,2459,2,3,2.1354352917966826,20,123032602.28788875
551,1084,4,3,2.5905297377263623,10,54277228.1663589
552,2488,3,2,3.958585747986392,6,124521540.66317068
553,800,2,2,2.294602655306683,14,40045247.287386514
554,2986,3,2,4.834483562108407,29,149222961.94128665
555,1507,5,3,3.9858404692560474,9,75485487.5581442
556,2726,4,3,4.149508986043395,18,136357175.02940276
557,2555,2,3,4.774210286848265,27,127751475.85301234
558,2691,4,3,2.0053680813317163,14,134687121.39768937
559,1986,5,3,2.9423932944926374,26,99352722.60172607
560,2898,3,3,3.4985995298984576,4,144998506.33950862
561,1670,4,2,3.399946569349091,1,83523581.10118836
562,2868,4,2,4.769390293348995,23,143391346.54219186
563,1430,2,3,1.5129083060038395,15,71647964.54649916
564,2976,3,1,1.5276714902673607,21,148782010.0056855
565,2308,5,2,4.598221569991819,15,115422770.34532917
566,905,2,3,4.016597644460142,24,45200500.972184315
567,1025,4,2,1.096447457941029,7,51399016.87491069
568,2607,4,1,2.893229702654562,16,130399433.76765148
569,2999,3,2,3.754242297072009,6,150007117.7701873
570,2732,5,2,1.829878313192795,23,136706607.52896294
571,1066,5,2,2.2284730309848118,1,53311390.806378365
572,2086,4,2,2.9194433971383758,8,104330350.44391833
573,1414,5,3,2.388831931986232,8,70785483.95377758
574,1131,2,1,3.789907711338261,18,56475626.908906884
575,2194,3,3,0.1290998930470417,1,109853925.85685225
576,2165,4,2,2.2296993695161476,27,108290930.05064274
577,1469,5,2,1.7541487391114707,16,73499064.82449166
578,2345,5,2,3.084903858866152,12,117324386.75518408
579,1427,2,1,3.902196365218663,12,71320859.90395707
580,1768,5,1,0.47311129478749814,19,88450890.09371671
581,1189,2,3,0.8744926946458429,12,59685004.463876896
582,981,3,2,3.3588999582959636,7,49126439.60172081
583,993,4,1,3.7181719609755435,23,49751824.69317684
584,2485,2,2,2.9821887076862934,8,124269334.90033878
585,920,5,3,4.91573640994284,21,46026842.86844374
586,2610,5,3,2.547361296622216,4,130608748.37298548
587,1325,3,1,0.7678324419784537,20,66209075.59061891
588,1022,2,3,3.4628261958182924,6,51041337.980748616
589,1036,4,1,3.050170058754511,18,51863328.77495734
590,2953,5,2,2.993065227648291,1,147756101.5811104
591,1412,2,1,2.7746828127073515,12,70655819.14702411
592,2376,5,3,4.701568976792741,2,118885900.64877553
593,1722,4,2,0.7328663444501342,19,86256254.30327174
594,2991,2,3,0.45866676277239404,22,149601340.25683326
595,1759,5,2,0.855174129948867,29,87979025.89231072
596,895,4,2,1.3004520285342573,27,44646172.804106966
597,862,2,2,3.005436965238699,15,43127614.521791145
598,2429,2,2,3.1008837205739987,21,121515089.47065012
599,2237,3,3,1.2397491995397132,26,111908144.31392927
600,2823,4,1,2.497204946623594,19,141234725.06198922
601,950,2,2,2.462103078561901,10,47652433.542919956
602,1203,3,3,2.3202427547976026,7,60212731.27580715
603,1395,2,3,4.037371945072025,5,69866375.8182543
604,927,5,3,2.4112960423905965,12,46356650.891029045
605,2308,3,1,3.8159909301852135,18,115464486.00056691
606,2597,2,3,0.9157575458435105,1,129927595.73629013
607,1907,5,3,2.7066399859585237,12,95423397.27515286
608,2822,5,1,4.138113402709658,24,141117139.4869861
609,1959,5,3,0.9708112611896625,28,98019330.77027713
610,1392,3,3,2.3781186266185457,25,69637669.26139964
611,1824,5,1,3.0844886485750123,19,91245511.2052646
612,1373,4,1,1.005395416702708,9,68687258.41621315
613,2704,2,1,3.8081514689658755,22,135141169.618707
614,2281,4,2,0.4870816142019554,20,114128417.28637859
615,916,5,1,4.737435993647821,3,45812919.42261229
616,1541,5,2,2.3942853216688653,19,77161427.90413126
617,1624,4,2,1.747003123190835,29,81240573.63605542
618,2142,3,1,0.6723543350969378,7,107145989.42599058
619,1969,5,2,2.2197235510325375,25,98401439.7865826
620,2709,5,3,3.333039744014782,15,135465500.79487154
621,1292,4,3,0.5629876677976821,12,64732165.78133638
622,2014,5,1,1.6007185663219683,2,100723305.57086708
623,2927,5,2,4.1964861555862845,21,146371395.6862721
624,1542,3,3,3.266287025431804,14,77145771.56650943
625,1217,3,2,1.1112277581023573,14,60968630.99085086
626,2724,3,2,0.888457999386137,2,136282264.60989314
627,2663,3,3,4.53197662838441,11,133271853.34702724
628,807,3,1,1.5063990845708237,20,40359080.614700586
629,1590,5,2,0.9795508276032885,24,79571761.05905029
630,2690,2,3,4.999823690858752,14,134480838.7087769
631,2582,5,1,1.615039956111739,20,129200826.36197661
632,2416,5,2,0.7112269202658821,15,120876876.27558342
633,1979,2,2,2.362612385789441,1,98999393.39301087
634,1295,4,2,2.2282910399725626,12,64823774.32176142
635,1426,2,2,4.641332131568622,8,71401132.94303818
636,2807,3,1,0.7576042426338933,4,140381487.2234624
637,2670,5,2,0.5465683900336036,15,133655419.10593759
638,1598,3,3,0.5555954874427326,1,79943645.8933426
639,2938,2,3,4.531008582528958,9,146969454.1874858
640,2673,4,3,2.301908972009278,4,133834951.3831987
641,1424,4,1,0.8379719879606059,12,71219319.40349726
642,1221,5,3,3.0097674820585243,24,61133213.95526188
643,1892,2,2,2.7343544426890776,21,94669203.48092838
644,1237,3,2,1.072193063969607,2,61905744.04973522
645,2949,3,3,3.054886883189218,7,147442707.90177584
646,1587,4,1,1.7671330481530336,15,79333366.36680579
647,2545,5,1,1.268016761881263,29,127313706.54563329
648,2021,2,2,2.600962993405238,5,101136570.95103244
649,900,3,2,1.5290813814302995,11,45090582.3598089
650,2209,4,3,1.188485616629945,4,110597379.17261024
651,1565,5,1,4.410639800668403,29,78272546.06074347
652,1981,4,3,0.8632366252097448,16,99140095.47540951
653,1701,5,2,1.4748908886956793,23,85033682.11259864
654,1030,2,2,1.992078061264146,7,51558906.05737879
655,1304,4,3,1.440827720470112,12,65311429.9006672
656,2760,3,1,1.1324821486310712,21,137994177.02451605
657,2596,5,2,3.8786158755674816,3,129899807.00556691
658,1460,4,2,1.7121791777455495,24,72956644.66188538
659,923,5,1,0.6513134927267584,4,46250298.41242609
660,2074,4,2,2.7503862960378096,18,103763262.28470086
661,2429,4,1,0.7148936364584105,11,121600955.9584971
662,1481,2,1,1.851846076460547,1,74150395.04646096
663,2376,3,2,4.420951135134191,7,118916244.26225226
664,2033,4,3,1.9088898560204768,2,101779325.4055383
665,1491,2,2,3.1992939740124253,22,74604334.3108257
666,2120,5,2,2.621665126442293,15,106002810.10862213
667,2907,5,2,0.7748517443120805,21,145398371.17626086
668,2302,4,2,3.2804410291750927,23,115231934.21838716
669,1182,3,3,4.29457148497565,28,59067718.92013897
670,1308,5,3,0.5567411228221859,4,65480702.202645235
671,2208,4,3,3.793032436735979,18,110392073.13377558
672,1911,5,1,3.4820352794429934,8,95667137.41430439
673,2191,2,3,4.346636817486015,15,109564977.7494853
674,1529,4,1,0.6100504674539884,24,76560176.46595928
675,2169,4,2,1.5979073590437263,25,108476322.33851883
676,2327,4,3,3.5020282874092334,12,116395283.25455478
677,1925,2,3,0.20788809654458623,14,96378887.01896651
678,2121,4,3,3.6969708208793945,1,106177456.73221529
679,2737,4,3,4.304095037105492,1,136791665.5093536
680,1934,2,3,2.321189856646112,19,96771951.09020963
681,1174,5,2,2.228216526790596,23,58785867.26127867
682,2614,2,3,1.4644979141398935,18,130765167.85697435
683,2967,3,1,0.12475416302492794,26,148340493.32899362
684,1082,2,1,1.0128872316651447,10,54126355.98607365
685,1360,5,3,4.901334180269619,6,68059590.25505038
686,1039,4,1,4.349701777894648,13,51985817.64249103
687,1408,4,3,1.405872729869715,18,70464850.9232076
688,1156,2,2,4.822369399893128,24,57780791.745088585
689,2674,3,1,1.9017918181711009,4,133744679.56322438
690,2229,2,3,1.5581683362807826,28,111534331.10382782
691,2334,3,1,0.8487574137044375,26,116734206.50755125
692,1412,2,3,4.517894240602303,4,70625728.40930043
693,1249,3,1,4.93626320622761,3,62489131.384987384
694,2453,3,2,1.7043158798581441,21,122743968.04019366
695,1371,4,1,3.546809074456292,6,68666036.16305654
696,1701,3,1,1.742986708066818,21,85130662.69566764
697,2886,4,1,0.6144546225967306,7,144376796.73655498
698,2936,2,1,2.0241923037233875,9,146770422.83692068
699,2543,2,3,2.802692807729763,1,127146708.8996153
700,2089,2,2,0.7027821199648218,13,104483367.02871422
701,2430,2,2,4.109536596469829,26,121442993.07793984
702,2091,2,1,2.537079272777119,7,104531075.36718309
703,1197,4,1,1.2484764672724078,8,59887251.50242608
704,2929,2,2,3.004521934860423,10,146460766.86923876
705,1978,3,2,3.9869705996665705,27,98906669.24418615
706,2511,5,2,1.7053593103546816,7,125558072.97208332
707,2434,4,2,3.5372339895629126,6,121767887.16804184
708,2357,3,1,2.1965099819053684,5,117933842.85264382
709,2506,5,2,4.823850727343444,8,125330473.87297383
710,1969,5,1,3.8776064243533854,20,98516899.7350878
711,1413,4,1,1.846119422357903,16,70817905.73857412
712,983,3,2,0.18696499940263417,23,49191474.623496264
713,911,5,3,3.3218474873640975,4,45671951.26296065
714,2050,5,1,1.0695735770657764,8,102566490.63661903
715,2945,4,2,0.6972079606807505,25,147349995.1466578
716,1835,2,1,4.66570461184429,21,91659738.98311017
717,2361,5,3,4.999749954053092,9,118073153.41183247
718,1921,4,2,1.4224552207654872,19,96111060.92029974
719,2175,4,1,1.5786659056130965,23,108823454.79877986
720,851,3,3,0.9084458022670268,23,42618983.97228191
721,1840,4,3,2.3426554020551564,22,91983058.06044134
722,1571,4,1,4.342634423195163,15,78532106.1640611
723,2682,2,2,3.5373791654119016,8,134094577.79829308
724,1230,5,2,4.247024634575279,25,61563214.47407728
725,2237,3,1,1.2195601128005444,3,111852800.25144397
726,1570,4,3,3.679234730301553,29,78518563.47110847
727,1445,3,3,4.600780479140695,3,72368233.47643617
728,2201,5,3,1.4789389596505131,17,110202371.11904168
729,2243,4,3,3.4842023635968076,14,112197915.24791522
730,2183,4,1,2.063221317280287,29,109191929.0270311
731,1561,3,3,1.522110561278721,25,78013315.25726704
732,1747,2,1,4.851154996896312,28,87347660.57798329
733,1495,5,2,1.8083028268446346,14,74876457.38835557
734,1425,5,2,0.6284634381773677,2,71361196.76807198
735,1195,5,3,2.0040871271396448,27,59828032.60658217
736,2541,4,3,2.2936236257039138,27,127092099.73319784
737,1304,4,3,3.785833044946266,14,65234731.2339957
738,2660,4,2,4.754579908040314,26,133021272.98020011
739,2009,3,1,4.103579220591642,11,100390910.04698522
740,1707,5,1,4.66161242515002,27,85450214.88678916
741,803,5,1,2.4277946368771626,24,40212071.55883536
742,965,5,3,3.624651184358528,22,48314754.89236754
743,2215,2,1,1.614342966560772,28,110722938.04642583
744,2621,4,3,0.440976831743188,14,131130278.1348334
745,1902,5,2,1.8908202740973685,24,95196435.64574265
746,1323,5,1,3.519784618808659,29,66223973.47146691
747,903,4,3,1.4456483402154146,22,45175587.211795636
748,2527,4,1,4.320888888643452,7,126332719.11754811
749,1499,5,2,3.9747869649162197,19,75105037.56331582
750,2977,3,1,1.0508084910045545,28,148923575.60043076
751,2738,3,1,1.7211001362049532,27,136949820.4963604
752,2108,3,2,4.143982825990549,24,105418347.77368417
753,1248,3,3,1.2952951686053673,8,62521724.54107011
754,1653,2,3,1.7248505137689403,14,82643714.0886396
755,2409,3,3,1.7810279688731252,21,120586683.28123237
756,2771,5,1,4.025105936346257,4,138594085.8590814
757,1239,5,1,0.28144830146458216,11,62047135.83360062
758,931,5,3,0.4615562172949301,4,46686003.10765828
759,1930,3,3,2.9344125859983943,6,96562749.39150691
760,1013,4,1,2.045848755880727,6,50685002.43846572
761,2414,5,3,3.2011380660924678,23,120832073.46673334
762,1633,3,3,1.4056602532789761,2,81782296.56896272
763,1644,2,1,4.556955119659648,19,82109603.66840267
764,2091,2,2,3.8286152471548354,1,104505236.6369114
765,2105,5,1,0.4319564806969406,13,105257529.1865787
766,2183,4,3,3.9411368386966674,14,109171617.04589154
767,2603,2,3,4.850953624330032,3,130146818.93824899
768,1658,3,2,4.717934540878618,22,82938015.85945871
769,1549,3,2,3.703870610324694,19,77459295.42459169
770,2242,2,1,0.7056093920579565,17,112179778.18412781
771,2721,5,2,2.9227761526182254,4,136194030.00751278
772,1456,5,3,1.4927403713183953,13,72888102.13626853
773,2310,2,3,4.854043423817611,9,115630902.68031456
774,1608,3,3,3.6156800542718863,29,80444132.31523567
775,1930,4,3,3.0927513899583547,27,96535796.7107127
776,1395,3,2,3.505931408763159,29,69776709.62992088
777,1554,4,3,2.246097732637435,4,77832012.51143648
778,2240,4,3,1.9264100820442729,10,111999644.90095478
779,1719,2,3,4.685417939255824,13,85983142.9441925
780,1124,5,1,1.726442960484165,18,56258238.068213426
781,2239,4,1,0.3030370454903247,12,112014639.04803447
782,1462,3,3,2.0641167553568414,16,73145257.59905706
783,879,5,2,3.9726677278461944,1,44043575.948492944
784,883,5,2,3.2774949544397054,14,44224218.60612534
785,1834,3,1,4.814636799841586,29,91667331.41032717
786,2324,2,1,0.6203891513337745,23,116322977.98569027
787,2441,5,2,4.566576880923979,21,122118144.62589695
788,1648,4,1,1.9073610501789047,29,82404904.02724041
789,2869,3,1,2.422612668567371,7,143452300.98498324
790,2531,4,3,2.199562556997249,5,126685472.63312656
791,2160,3,2,0.6706161773529631,2,108069749.90866643
792,2144,3,3,1.3142026330534249,4,107406834.6217255
793,1953,5,1,3.7371306892259812,10,97669518.14040627
794,2642,3,1,0.2127369550439065,23,132063805.96830216
795,1163,5,1,0.7560500944927452,27,58187834.82658586
796,1819,3,1,0.22352982707761537,15,90992635.72380649
797,1266,5,2,4.301201480885391,19,63243571.46086356
798,1497,5,2,3.1248916561307207,25,74883917.11600028
799,1711,2,2,0.9326504443809384,25,85561915.97570872
800,2107,5,2,3.866983892963393,15,105387226.90372491
801,1113,5,3,4.837322927512614,29,55675302.09798091
802,2796,5,3,4.679345835197089,19,139800443.6436696
803,2738,2,3,4.61558298427961,10,136984823.98764968
804,878,4,1,0.1382700554881418,20,43910116.607523076
805,2612,4,2,2.986166096027865,3,130610884.09689981
806,2407,2,2,1.3574998215312435,11,120354215.78750144
807,2519,5,2,2.866771350118308,18,125984049.98126206
808,2892,5,3,1.658348416886718,27,144680140.6141512
809,2845,3,1,0.8529660595858017,2,142327152.1190201
810,2423,4,1,2.278019244455899,22,121128950.92887697
811,2795,5,1,2.52597200316423,23,139760405.27010646
812,2413,5,3,4.94985098355336,18,120649975.35868123
813,1310,4,2,0.3077006322788466,24,65384846.49716749
814,2431,5,3,1.5756604745966556,26,121633911.39416361
815,910,2,2,4.274279840932781,15,45599628.776670374
816,1340,5,1,3.33250794081761,26,67053441.622963555
817,2529,5,2,4.15074685604489,23,126470893.26791263
818,2897,4,1,3.335425500942912,16,144882146.82962555
819,1745,2,1,3.8217279148160515,19,87193150.35537617
820,2298,3,1,2.515316574985581,19,114912308.79922345
821,2576,4,2,1.103900695198228,12,128841095.03387113
822,2018,3,3,4.069018918102279,23,100904019.19380611
823,2144,3,1,2.8823212078534493,25,107230871.00545096
824,1036,2,2,0.7835754495554654,6,51980075.48097117
825,1462,3,1,4.043980731667244,12,73201052.57166341
826,2927,2,2,4.797070960776633,7,146375410.99413002
827,2922,5,3,1.7962029758794826,10,146235224.71785638
828,1986,2,1,1.5382100352235732,29,99346444.32152736
829,2485,4,1,0.5006983732170738,12,124263119.60684963
830,1173,3,1,3.356007009602137,16,58699415.16862702
831,2207,2,3,4.798911930632834,13,110320955.83542153
832,1411,4,2,0.7663641809588774,13,70572903.25950263
833,2633,2,1,2.4772821934646463,14,131675551.23255299
834,2587,3,1,0.5813671048009145,6,129370353.78135814
835,2207,3,3,0.26713852817809747,19,110507488.23951063
836,2474,4,2,3.3560551482714627,10,123785621.74598642
837,2148,4,3,4.3516671591831395,9,107450139.7581458
838,2097,4,3,1.7540956270175458,22,104895700.53620923
839,2430,4,1,4.391249354609486,9,121538392.28363761
840,1271,4,2,0.6735601858400564,9,63564855.63463869
841,1414,3,1,1.2660073413956336,1,70772450.56095774
842,2459,5,1,4.5178729618429205,1,122927645.53769352
843,2027,4,3,2.5916984790842843,13,101455192.01740262
844,1250,5,3,3.0801426806054186,21,62565369.549997956
845,2784,4,1,0.2862893394582888,21,139258299.22920728
846,2832,4,3,0.7291105597246558,26,141619725.1509345
847,1201,4,3,0.37337498125418056,28,60132382.385448135
848,2504,3,2,4.534503625753379,22,125345944.86894687
849,1043,5,1,0.7604953229676404,19,52174336.68576213
850,2430,3,1,4.263396850382898,16,121528553.00876454
851,2746,2,2,1.8200700269250205,24,137402177.99735326
852,2609,4,3,4.022927732192322,23,130544970.56858204
853,2481,4,2,1.8887133825380624,13,124129150.70729454
854,2979,5,2,1.4116517944950948,18,148964257.27740148
855,1597,3,2,0.5589374358263804,24,79829325.89420603
856,1264,3,3,1.4754622938132553,10,63275294.31056506
857,1245,3,2,2.410250611914672,14,62270786.954174764
858,2682,4,1,4.105793114594298,3,134135518.12373827
859,1924,5,3,2.3173232783666196,1,96307696.21730913
860,2982,2,2,4.860034317194326,10,149091878.43647188
861,832,2,2,2.754001753188633,7,41663935.142534755
862,2455,3,2,0.22223358607607285,24,122887816.64149918
863,2581,5,2,2.135299770937235,28,129050856.4517763
864,2107,3,2,3.4756056261939174,4,105375144.65394299
865,1875,3,2,1.2480290666241416,20,93791279.32173288
866,2414,3,1,3.523286759155978,7,120782406.54990125
867,2422,2,3,2.5681167953894297,2,121105840.31598896
868,2431,2,1,0.22611510035726498,2,121533612.01927902
869,2856,3,2,3.8943294524530083,6,142736345.3020969
870,2815,5,2,2.8458311486889687,2,140801752.73359585
871,2242,2,2,0.5042181650973576,2,112189486.19747561
872,986,3,1,2.428548763965138,4,49387118.49162908
873,2719,2,2,1.5077351206962588,23,135997319.0074619
874,2300,4,1,4.4104395586808725,6,115001899.95323747
875,2959,4,3,1.496142558755519,27,148050842.86789134
876,2395,2,1,4.714266647773575,19,119757644.59629193
877,1047,3,1,2.776050471800852,2,52288084.4676945
878,1804,2,3,1.6857071767789347,4,90206166.72248533
879,1831,5,2,4.086370585346129,14,91681161.41233309
880,2112,3,1,3.517261853992253,3,105645523.9448788
881,1547,3,3,2.12841622890981,16,77344618.19943002
882,875,3,1,3.1851296832623066,12,43813072.00698678
883,1864,3,1,3.9150628937385785,2,93281496.43351944
884,1824,5,3,4.272633191989097,10,91256885.13256708
885,1012,2,1,4.100422297198912,29,50623381.99333335
886,1933,2,3,0.9137777341077481,10,96528426.07943188
887,1989,4,1,4.159108807267569,12,99525883.29572307
888,1373,3,2,0.38728238853048347,26,68750821.35765335
889,903,4,3,1.0808363395977862,17,45171360.68256383
890,2770,5,2,3.1523409283233472,29,138559342.56533414
891,1380,2,1,0.6619933746898312,26,68993784.00597417
892,1294,2,2,3.0564032157753807,10,64729591.509882584
893,1687,3,3,1.6090318876814627,29,84381710.81833485
894,1956,2,1,2.2043862672577768,1,97761363.29532097
895,1136,5,3,1.6442423668828425,22,56974298.973319665
896,965,5,1,0.44385048253803194,5,48297265.205108345
897,1534,3,2,2.5537178893176087,12,76750469.16276652
898,1173,4,2,4.821637277534949,4,58651421.78459976
899,2318,3,3,3.0977384059846234,25,115897667.94991386
900,2768,5,3,1.5701561709239142,26,138496779.13989916
901,2464,2,1,4.785134187207694,13,123229393.93307152
902,2385,2,3,2.007262534565914,3,119360859.89579341
903,1065,2,3,3.5178368959573336,1,53366599.51564489
904,2898,5,2,3.2071527441199774,29,144934453.85925436
905,2000,4,3,4.769263155390372,5,100048943.5310234
906,1324,3,3,4.5815532030247015,25,66279432.92562733
907,2756,4,1,0.825219876115153,11,137813001.9404479
908,1923,2,2,0.5198607861741701,4,96246988.62086403
909,1158,3,2,4.067247406214265,12,57956388.77733104
910,1860,5,1,4.534221745154433,10,93095080.2130034
911,2450,5,2,2.515570659222208,24,122586941.73114628
912,1228,4,1,3.484730241785498,6,61383854.05759651
913,835,3,1,0.4419625728742492,2,41752508.50505633
914,1582,2,3,1.1770415494967124,4,79206739.05710287
915,2877,4,3,0.8319433538179336,11,144030193.07535177
916,860,5,1,3.045686859395167,17,42971630.98066387
917,1816,3,3,1.0679454794539252,21,90864820.852819
918,2621,3,3,0.3932469461991681,2,131150117.49314304
919,955,5,2,1.5808156854064528,4,47751807.04597969
920,1857,2,2,3.4183409026583687,14,92902814.54530485
921,1235,2,3,2.9315322488830873,5,61805686.199153215
922,2235,5,1,1.7205523309237156,9,111697569.3642846
923,856,5,1,4.184046491632545,25,42905166.16645432
924,1479,2,3,1.4537186292592392,26,73953570.99590015
925,1757,4,3,1.376683427991845,26,87852991.41214529
926,2394,4,1,2.8437423128689825,6,119760788.36954623
927,2616,3,2,2.443256635244301,11,130874658.05661902
928,914,3,2,2.2852660369417674,1,45794394.24000011
929,2818,4,1,0.8633495328749292,4,140932383.08422518
930,2861,3,3,2.5727663390016566,22,143104590.45141044
931,1569,4,2,1.3691926946496769,9,78477613.69836806
932,1058,3,1,2.0216814248331754,14,52860381.72759422
933,2658,4,3,3.694495193585971,1,133034484.05648479
934,2995,3,3,4.690627845240843,11,149800408.72652292
935,2284,3,2,3.8919285294276893,6,114235424.64458172
936,2375,4,3,2.0876060836539923,22,118717598.58998196
937,2413,2,1,3.0058623827109434,9,120657052.13287243
938,2106,4,1,3.75783929779095,14,105285086.07865646
939,1171,4,1,2.1296831454698686,28,58562620.901615165
940,1964,5,1,1.8652159781802755,3,98246711.71251625
941,1760,2,3,0.76269215018373,1,88052863.29968242
942,2334,3,1,3.707677927231791,24,116754403.54250939
943,1889,2,2,4.208692094957362,26,94485309.24714142
944,2029,2,3,1.6512636140467691,13,101565101.40765335
945,1220,2,3,3.9391880516484234,8,60986062.691243775
946,2133,5,3,3.090043985851239,17,106695101.98369835
947,2534,5,1,3.9420069273758958,16,126732275.924447
948,1449,3,3,2.115553177433356,20,72489090.28561766
949,1981,4,1,3.763124181883073,28,99059221.49281575
950,1493,2,1,2.101694677698368,18,74602386.35664609
951,1354,3,3,0.5349141285553193,1,67750516.52649412
952,2883,3,3,2.7978366988612264,25,144118933.1187631
953,1155,5,1,2.326210759304364,1,57762867.66861481
954,2520,4,3,1.3391114472877284,12,126116013.27878317
955,2530,4,3,4.471355341337169,11,126555932.87905502
956,881,5,1,1.9759811971264059,7,44178407.75595225
957,2886,2,1,0.29171794601817885,19,144289764.71655464
958,1349,5,3,1.972465126992693,2,67554091.22840866
959,1162,3,1,2.180098058711812,20,58058436.89319882
960,1352,5,1,4.322024843651383,21,67757423.46930261
961,2703,4,2,4.015997719714713,6,135194988.98146638
962,2468,2,3,1.079836270948829,18,123498082.31066023
963,2259,3,3,4.211243207198467,23,113016613.03500737
964,1342,3,3,1.3148434184429596,11,67143231.84216581
965,2599,4,3,1.775477326005036,13,129961577.54929319
966,2424,5,3,0.4764104244897075,10,121305425.10410449
967,1039,3,1,0.3712459343583828,18,51952304.283110045
968,2735,5,3,3.436214591974574,4,136831043.71196553
969,2823,3,3,4.624371314156492,9,141240443.2463691
970,2648,4,2,2.515782585765361,3,132468333.1448632
971,2821,3,1,4.236059188597057,11,141086675.51892543
972,2738,3,3,3.9893811234940015,7,136970555.42318532
973,860,2,3,3.356925744568514,1,42988852.90464464
974,824,3,3,4.893321762477115,5,41330336.50097268
975,960,4,3,4.030720812294292,5,48133639.01076027
976,2206,3,1,1.4467375316498812,13,110272958.06962891
977,1167,4,2,3.966169806483429,1,58434434.18153894
978,916,5,2,3.494042066791128,20,45819428.57615795
979,2820,4,3,2.057650188518123,4,141048365.93220425
980,2826,5,2,0.47630760411286366,23,141364376.3789127
981,816,3,2,1.1503616951286886,8,40943631.60304924
982,1748,4,2,4.00646566905244,23,87489865.54972883
983,1614,2,2,1.3175779118666413,24,80759673.17835726
984,2676,4,2,4.989504116814405,18,133779522.19762821
985,972,5,1,3.5005418859438686,27,48753219.761507854
986,1943,5,1,2.438390155516279,23,97228494.60150546
987,2391,2,1,2.8951397820384432,25,119433082.43009405
988,2178,4,2,3.0932763453530376,12,108972507.33503366
989,2161,3,1,4.847829618159854,3,108048326.1161133
990,1232,4,2,0.8925318536944455,22,61674036.45852898
991,2807,4,2,1.4347394330376977,13,140429858.32117528
992,2213,4,1,3.576996135059094,17,110629189.0655012
993,1177,2,3,1.2753041174034714,3,59011917.76702836
994,1031,2,2,4.369356094790046,28,51570142.450597025
995,1537,2,2,1.7980174607247814,13,76935077.3080219
996,1681,2,1,0.9861130595875136,22,84130640.61293948
997,1794,2,2,0.33334172816411056,26,89695425.41146159
998,2620,3,2,3.018415697557955,26,130983319.4972719
999,2916,4,2,4.143882728817303,10,145905375.95379832
